student_id,age,gender,socioeconomic_status,previous_gpa,attendance_rate,participation_score,assignment_completion,family_support,study_resources,study_hours_per_week,first_generation_student,program_of_study,digital_literacy,previous_course_failures,extracurricular_hours,work_hours_per_week,distance_from_campus,final_grade,completed_course
STU0001,21,Non-binary,Low,3.35,0.73,10.0,63.8,High,"Textbooks, Online Resources",2.0,True,Business,3.1,0,1.7,15,5.6,100,True
STU0002,19,Male,Middle,4.0,0.83,6.2,45.7,Medium,"Textbooks, Online Resources, Tutoring",4.0,True,Computer Science,5.8,0,3.1,0,2.0,100,True
STU0003,21,Male,Low,1.72,0.72,9.1,90.3,High,"Online Resources, Tutoring",4.5,False,Economics,3.7,1,2.2,5,4.7,100,True
STU0004,24,Non-binary,Middle,3.09,0.81,6.5,58.9,High,"Textbooks, Online Resources, Tutoring",5.1,True,Mathematics,6.2,0,2.9,22,19.4,100,True
STU0005,19,Female,Low,2.24,0.83,9.1,93.0,High,"Textbooks, Online Resources, Study Group",4.5,True,Economics,8.0,0,5.4,15,9.3,100,True
STU0006,19,Male,Low,2.36,0.75,5.9,61.2,Low,"Online Resources, Tutoring",5.3,False,Biology,5.2,1,7.8,0,10.1,85,True
STU0007,24,Male,Middle,2.29,0.85,3.1,86.3,High,"Online Resources, Tutoring",5.8,True,Biology,4.1,0,1.8,0,4.3,100,True
STU0008,22,Male,Middle,2.1,0.81,6.0,85.6,Medium,"Textbooks, Tutoring",5.7,False,Mathematics,7.1,0,4.7,0,10.2,94,True
STU0009,18,Non-binary,Middle,2.73,0.72,7.7,89.3,Medium,"Textbooks, Online Resources",6.7,False,Data Science,8.7,0,5.2,5,2.7,100,True
STU0010,21,Male,Low,2.12,0.93,7.5,79.7,Medium,Minimal,7.0,True,Chemistry,3.6,1,1.7,0,5.6,100,True
STU0011,18,Non-binary,Low,2.89,0.44,4.5,64.9,Medium,Minimal,7.1,True,Chemistry,8.6,0,3.2,0,9.0,88,True
STU0012,18,Non-binary,Low,2.66,0.6,6.3,83.2,High,Textbooks,8.1,False,Liberal Arts,8.6,0,3.5,9,8.8,100,True
STU0013,20,Non-binary,High,2.53,0.82,10.0,88.0,Medium,"Textbooks, Online Resources",3.4,True,Chemistry,8.9,0,0.3,0,1.3,100,True
STU0014,17,Male,Low,2.06,0.95,4.5,68.2,Medium,"Online Resources, Tutoring",3.5,False,Data Science,9.4,0,3.8,14,16.7,100,True
STU0015,17,Non-binary,Middle,2.3,0.68,8.3,69.3,High,"Online Resources, Study Group",9.5,True,Chemistry,10.0,0,0.2,33,2.3,100,True
STU0016,18,Female,Middle,3.23,0.74,2.8,53.4,High,Textbooks,4.1,True,Chemistry,6.3,0,4.4,0,24.4,100,True
STU0017,17,Male,Middle,3.05,0.56,8.7,88.0,Low,"Textbooks, Online Resources",4.9,True,Psychology,7.2,0,3.1,17,9.1,100,True
STU0018,20,Male,Low,2.02,0.84,5.2,31.3,High,Online Resources,4.7,False,Data Science,6.2,0,5.4,6,8.6,97,True
STU0019,17,Male,Middle,2.77,0.84,7.8,68.6,High,"Online Resources, Tutoring",16.8,False,Chemistry,7.0,0,0.0,0,2.4,100,True
STU0020,17,Male,Middle,3.23,0.83,4.4,53.8,Low,"Textbooks, Tutoring",3.0,True,Computer Science,10.0,0,5.6,17,3.3,95,True
STU0021,24,Male,High,1.53,0.77,7.6,76.0,Low,"Textbooks, Tutoring",3.0,False,Data Science,4.3,0,5.2,11,15.8,97,True
STU0022,19,Non-binary,High,3.08,0.87,5.2,65.2,High,"Textbooks, Tutoring",5.3,True,Biology,5.3,0,8.4,0,14.4,100,True
STU0023,20,Non-binary,Middle,2.24,0.75,5.6,56.6,Low,Textbooks,4.8,False,Biology,9.8,0,0.3,18,4.4,98,True
STU0024,17,Male,High,3.1,0.75,7.9,66.6,Medium,Textbooks,2.4,True,Computer Science,9.0,0,4.1,0,4.1,97,True
STU0025,18,Non-binary,High,2.17,0.76,6.1,66.0,High,"Textbooks, Online Resources",5.0,True,Economics,6.3,0,0.2,0,4.2,95,True
STU0026,20,Male,Middle,1.44,0.77,7.8,81.7,Low,"Textbooks, Online Resources, Study Group",5.4,True,Economics,8.7,1,3.9,0,10.9,97,True
STU0027,17,Non-binary,Low,1.56,0.62,6.6,78.5,Low,Minimal,3.9,False,Computer Science,7.7,1,5.9,20,10.2,86,True
STU0028,21,Non-binary,Low,2.73,0.59,7.1,89.8,Low,"Textbooks, Study Group",4.9,True,Data Science,10.0,0,1.0,27,6.7,96,True
STU0029,18,Non-binary,Middle,2.88,0.47,7.9,61.3,Low,"Textbooks, Online Resources",3.2,True,Liberal Arts,7.1,0,1.8,14,5.6,86,True
STU0030,19,Non-binary,Low,2.07,0.55,6.3,73.6,High,Minimal,2.4,False,Liberal Arts,9.1,0,2.4,31,4.4,95,True
STU0031,18,Female,High,3.15,0.74,5.0,78.1,Low,"Textbooks, Online Resources",4.1,False,Business,10.0,0,0.4,0,23.2,100,True
STU0032,25,Male,Middle,1.54,0.77,5.9,55.3,Low,"Textbooks, Online Resources",2.7,False,Economics,8.2,0,3.7,0,1.4,94,True
STU0033,19,Female,Low,2.65,0.45,9.4,93.3,Low,"Textbooks, Online Resources",2.1,False,Economics,7.1,1,0.2,24,3.7,96,True
STU0034,17,Non-binary,Low,1.85,0.56,7.2,74.2,Medium,Online Resources,1.3,True,Mathematics,8.4,2,1.9,7,6.3,87,True
STU0035,22,Female,High,2.24,0.62,5.3,85.5,Medium,Textbooks,6.1,True,Chemistry,6.3,1,8.6,37,1.1,98,True
STU0036,17,Male,Middle,2.73,0.62,7.8,73.6,High,Textbooks,4.0,True,Psychology,10.0,1,2.8,18,3.1,94,True
STU0037,20,Male,Middle,2.1,0.53,7.9,29.1,High,"Textbooks, Online Resources, Tutoring",9.5,False,Psychology,7.4,1,0.5,6,19.2,96,True
STU0038,17,Non-binary,High,2.43,0.61,8.0,89.3,Medium,Textbooks,4.2,False,Computer Science,6.5,1,0.7,0,9.7,92,True
STU0039,17,Female,Middle,3.4,0.65,5.0,63.0,Medium,"Textbooks, Online Resources",6.1,True,Mathematics,5.3,0,0.3,0,3.1,97,True
STU0040,20,Female,Middle,2.3,0.85,5.6,91.5,Low,Textbooks,3.5,True,Chemistry,9.2,1,3.9,31,3.0,90,True
STU0041,22,Female,High,3.28,0.5,5.6,72.8,Low,"Textbooks, Online Resources",5.2,False,Psychology,8.7,0,0.5,0,1.4,100,True
STU0042,20,Male,High,1.91,0.76,6.3,88.2,Medium,"Textbooks, Study Group",1.3,True,Economics,6.0,0,4.8,35,3.5,96,True
STU0043,19,Male,Low,3.07,0.33,8.1,97.8,High,"Textbooks, Online Resources",4.1,False,Liberal Arts,8.2,0,2.7,14,7.5,100,True
STU0044,19,Female,Middle,3.71,0.69,7.6,64.6,Medium,Textbooks,3.0,True,Liberal Arts,4.0,1,0.2,0,6.6,98,True
STU0045,17,Male,High,0.97,0.9,7.8,71.3,High,Online Resources,9.0,False,Chemistry,7.4,1,0.2,0,3.6,100,True
STU0046,17,Male,Low,2.14,0.32,9.7,76.7,Medium,"Textbooks, Online Resources",5.8,False,Psychology,7.9,0,0.9,9,2.2,93,True
STU0047,18,Female,Middle,3.1,0.68,8.4,74.0,Low,Minimal,8.3,True,Chemistry,10.0,0,2.0,13,4.3,100,True
STU0048,23,Male,Low,2.56,0.86,6.7,51.0,High,"Textbooks, Study Group",10.1,True,Data Science,5.5,1,6.2,22,4.2,97,True
STU0049,21,Female,High,2.96,0.86,4.6,77.4,Low,Online Resources,3.8,True,Data Science,4.4,1,3.5,27,8.8,100,True
STU0050,17,Female,Middle,2.28,0.46,5.6,73.3,Medium,Textbooks,5.7,True,Mathematics,5.2,0,4.2,20,5.9,84,True
STU0051,20,Non-binary,Low,2.76,0.75,6.5,77.3,High,"Textbooks, Tutoring",2.5,True,Computer Science,4.3,0,1.7,16,5.4,100,True
STU0052,18,Female,High,2.59,0.7,8.7,91.0,High,Online Resources,6.6,False,Psychology,9.7,0,0.3,29,11.5,100,True
STU0053,17,Male,High,3.52,0.5,6.9,70.6,High,"Textbooks, Tutoring",7.2,True,Psychology,10.0,0,3.8,11,14.3,100,True
STU0054,21,Non-binary,High,2.88,0.56,5.7,58.0,Low,"Textbooks, Online Resources",6.3,False,Business,7.6,0,2.5,25,6.6,86,True
STU0055,23,Female,High,2.94,0.67,5.5,98.7,Medium,Minimal,3.8,True,Economics,9.4,0,1.3,0,6.7,100,True
STU0056,22,Non-binary,High,2.41,0.78,6.9,37.6,Low,Online Resources,13.5,False,Economics,7.3,1,2.5,12,4.6,92,True
STU0057,17,Male,High,2.36,0.73,8.8,86.2,High,"Textbooks, Online Resources, Study Group",5.4,False,Psychology,6.8,0,1.1,19,2.4,100,True
STU0058,19,Female,High,2.4,0.51,10.0,72.8,Low,"Textbooks, Online Resources, Study Group",21.8,False,Data Science,6.3,0,1.1,13,9.3,96,True
STU0059,20,Male,Low,2.98,0.33,6.6,89.5,High,Textbooks,2.5,False,Computer Science,6.4,0,3.3,0,8.1,100,True
STU0060,22,Non-binary,Middle,2.41,0.73,6.9,88.4,Low,"Textbooks, Online Resources",7.5,False,Engineering,3.9,1,3.7,14,4.9,98,True
STU0061,18,Female,Middle,2.9,0.76,4.6,55.6,Medium,Textbooks,9.1,True,Chemistry,7.5,1,0.3,0,6.0,88,True
STU0062,19,Non-binary,Low,4.0,0.89,10.0,79.8,Low,"Textbooks, Online Resources",2.6,False,Engineering,6.9,0,1.9,11,11.0,100,True
STU0063,17,Non-binary,High,3.31,0.39,4.2,62.1,Low,"Textbooks, Online Resources, Tutoring",4.5,True,Biology,8.5,0,1.5,28,12.3,92,True
STU0064,17,Female,Middle,2.47,0.56,9.3,42.2,Low,Online Resources,1.9,False,Data Science,7.2,0,7.5,7,0.3,90,True
STU0065,22,Non-binary,High,3.54,0.84,6.3,51.3,Low,"Textbooks, Online Resources, Tutoring",10.3,False,Business,6.7,0,4.6,7,2.9,100,True
STU0066,24,Male,Middle,2.41,0.85,5.8,77.2,Medium,"Textbooks, Online Resources, Tutoring",5.0,False,Liberal Arts,5.3,1,4.2,0,4.8,100,True
STU0067,19,Non-binary,High,1.27,0.94,4.8,85.7,High,"Textbooks, Tutoring, Study Group",3.0,True,Mathematics,7.1,0,1.3,36,1.9,96,True
STU0068,23,Male,Low,1.99,0.41,10.0,80.3,High,"Textbooks, Online Resources, Study Group",9.2,False,Mathematics,8.5,0,0.7,24,6.1,92,True
STU0069,21,Male,High,1.39,0.8,7.4,59.9,High,"Textbooks, Online Resources",5.3,True,Data Science,4.7,0,1.0,0,3.1,100,True
STU0070,18,Non-binary,Middle,2.45,0.77,7.0,50.3,Medium,Textbooks,8.5,False,Biology,7.2,0,5.8,0,6.2,99,True
STU0071,21,Male,High,2.71,0.92,8.8,54.0,Medium,"Textbooks, Tutoring, Study Group",6.8,False,Mathematics,7.5,0,0.6,0,3.2,100,True
STU0072,24,Female,Middle,3.87,0.46,5.7,83.1,Low,Textbooks,2.8,False,Chemistry,5.6,0,9.8,0,3.3,100,True
STU0073,19,Male,High,2.93,0.68,7.0,95.0,Medium,Textbooks,3.8,False,Mathematics,5.8,0,2.6,0,6.2,100,True
STU0074,24,Male,Middle,2.55,0.81,7.1,90.7,High,Online Resources,3.1,True,Psychology,7.5,0,9.3,9,9.6,100,True
STU0075,17,Male,Middle,3.28,0.8,6.0,86.7,Medium,Textbooks,2.4,False,Data Science,4.7,1,5.9,0,7.8,100,True
STU0076,22,Female,Middle,1.15,0.66,9.4,74.1,High,"Textbooks, Online Resources, Tutoring",1.6,True,Biology,7.7,0,0.2,5,4.9,90,True
STU0077,20,Female,High,2.86,0.87,6.6,96.7,Medium,"Textbooks, Online Resources",15.0,True,Computer Science,5.2,1,1.1,0,0.8,100,True
STU0078,19,Female,Middle,3.24,0.42,3.9,46.2,Medium,"Textbooks, Tutoring",6.3,True,Liberal Arts,9.1,0,3.3,13,3.2,93,True
STU0079,20,Non-binary,High,1.66,0.43,6.4,79.6,High,Textbooks,6.8,True,Data Science,10.0,0,1.3,0,2.9,94,True
STU0080,17,Female,Low,3.5,0.76,7.5,86.5,High,"Textbooks, Online Resources, Tutoring",9.8,False,Chemistry,5.3,0,4.0,3,8.5,100,True
STU0081,19,Male,Low,2.94,0.71,5.2,47.6,Medium,"Textbooks, Online Resources",3.7,False,Chemistry,8.1,0,13.0,15,5.6,100,True
STU0082,21,Female,Middle,2.41,0.83,5.4,72.3,Medium,Minimal,2.1,True,Liberal Arts,5.5,1,8.5,0,5.8,98,True
STU0083,24,Female,High,3.14,0.74,5.9,69.3,Low,"Textbooks, Online Resources",8.1,True,Economics,9.1,1,1.3,15,2.5,95,True
STU0084,18,Male,Middle,4.0,0.61,9.4,68.2,High,"Textbooks, Online Resources",2.3,False,Engineering,4.5,0,10.4,10,12.6,100,True
STU0085,17,Non-binary,High,2.83,0.91,6.0,51.4,Low,"Textbooks, Study Group",8.0,False,Chemistry,8.0,0,1.5,0,5.8,100,True
STU0086,18,Female,High,2.87,0.71,9.9,93.4,Medium,"Textbooks, Online Resources",1.8,False,Computer Science,5.3,2,2.1,30,2.4,88,True
STU0087,22,Non-binary,Low,2.38,0.66,5.8,67.9,High,"Textbooks, Tutoring",2.2,True,Economics,6.6,1,3.6,29,2.5,96,True
STU0088,20,Non-binary,High,2.11,0.96,7.7,59.7,Medium,Textbooks,3.5,False,Computer Science,4.9,0,2.7,22,6.4,100,True
STU0089,18,Non-binary,High,3.28,0.49,6.1,64.4,High,"Textbooks, Online Resources",7.8,False,Economics,8.6,0,8.1,0,2.3,100,True
STU0090,21,Male,Middle,2.1,0.69,8.5,71.8,Medium,"Textbooks, Online Resources, Tutoring",12.6,True,Biology,5.3,0,9.8,11,2.9,100,True
STU0091,20,Non-binary,Middle,2.75,0.8,4.8,83.8,Low,Minimal,6.8,False,Liberal Arts,8.1,0,4.0,34,1.8,96,True
STU0092,22,Non-binary,High,2.37,0.68,8.5,84.9,Low,"Textbooks, Online Resources, Study Group",3.6,True,Chemistry,6.3,0,0.4,0,8.4,100,True
STU0093,17,Male,Low,3.04,0.59,7.2,87.5,Low,"Textbooks, Online Resources, Tutoring",8.9,True,Economics,6.8,0,8.5,0,2.3,97,True
STU0094,19,Non-binary,Middle,2.93,0.83,5.7,96.6,High,Textbooks,1.8,True,Engineering,7.3,0,2.5,14,14.0,100,True
STU0095,18,Non-binary,Middle,3.43,0.63,6.7,81.5,High,Minimal,2.9,False,Liberal Arts,5.5,0,0.3,37,7.0,100,True
STU0096,17,Male,Low,2.34,0.86,10.0,93.8,High,"Textbooks, Study Group",5.6,True,Engineering,7.4,1,0.3,12,1.8,100,True
STU0097,20,Male,Middle,2.51,0.49,7.3,67.1,Low,"Textbooks, Online Resources, Tutoring",8.2,True,Engineering,10.0,0,0.7,13,7.7,92,True
STU0098,20,Female,High,2.01,0.77,5.6,70.3,High,"Textbooks, Online Resources",4.7,True,Data Science,5.4,0,2.3,0,12.6,98,True
STU0099,20,Female,High,2.39,0.62,4.6,72.0,Medium,Online Resources,4.4,True,Biology,9.3,0,8.0,24,4.7,94,True
STU0100,19,Female,High,2.96,0.79,8.0,83.2,High,Textbooks,4.5,True,Liberal Arts,10.0,1,5.5,0,13.6,100,True
STU0101,17,Non-binary,Middle,3.23,0.87,7.4,57.1,Low,"Textbooks, Online Resources, Study Group",9.7,True,Liberal Arts,5.4,1,6.3,24,7.1,100,True
STU0102,18,Non-binary,Middle,2.05,0.68,8.4,85.9,Low,"Textbooks, Online Resources",3.2,False,Psychology,4.1,0,4.0,22,3.1,100,True
STU0103,18,Non-binary,Middle,3.31,0.73,4.1,66.3,Medium,Textbooks,2.7,True,Economics,7.6,0,3.1,8,19.4,100,True
STU0104,17,Male,Middle,3.65,0.37,4.7,69.5,High,Textbooks,4.5,False,Biology,5.9,0,3.0,7,1.4,90,True
STU0105,19,Non-binary,High,2.99,0.47,9.3,62.4,High,"Textbooks, Online Resources",10.5,True,Biology,10.0,0,0.8,2,3.9,100,True
STU0106,21,Female,Low,4.0,0.79,7.7,63.0,Medium,"Textbooks, Tutoring",3.5,True,Liberal Arts,7.1,0,0.8,0,4.9,100,True
STU0107,25,Male,High,2.16,0.73,8.1,67.6,Medium,"Textbooks, Tutoring",4.5,False,Mathematics,5.4,0,2.0,15,17.3,100,True
STU0108,20,Male,Middle,1.83,0.92,5.1,76.7,Low,Minimal,1.8,False,Business,4.7,0,1.7,4,8.5,99,True
STU0109,20,Male,High,1.45,0.82,5.0,33.9,High,"Textbooks, Online Resources",4.6,True,Biology,9.2,1,3.0,0,7.6,91,True
STU0110,19,Female,Low,3.75,0.61,9.0,73.7,Medium,"Textbooks, Online Resources, Tutoring",6.1,True,Psychology,5.9,0,6.8,3,2.7,100,True
STU0111,17,Female,High,3.16,0.66,9.1,88.2,High,Textbooks,2.3,False,Business,7.1,0,0.8,10,4.6,100,True
STU0112,19,Female,Low,2.66,0.71,4.8,62.7,Medium,"Textbooks, Online Resources",9.7,False,Chemistry,8.9,0,1.9,0,3.1,96,True
STU0113,20,Male,Middle,2.9,0.64,4.4,89.3,Low,"Textbooks, Online Resources",6.1,False,Engineering,6.0,0,5.1,0,7.4,100,True
STU0114,27,Male,High,1.91,0.52,6.8,81.3,Medium,"Textbooks, Online Resources",3.8,False,Engineering,6.9,2,5.0,10,11.3,88,True
STU0115,19,Non-binary,High,4.0,0.79,5.4,89.4,Medium,"Textbooks, Tutoring",6.1,False,Biology,7.0,0,3.4,0,22.3,100,True
STU0116,20,Non-binary,High,2.79,0.83,5.4,57.5,Medium,"Textbooks, Tutoring",7.0,True,Liberal Arts,8.4,0,3.3,9,3.4,94,True
STU0117,19,Female,High,2.78,0.93,4.5,74.0,Medium,"Textbooks, Tutoring",1.4,False,Economics,8.2,0,2.5,19,1.3,99,True
STU0118,17,Male,Middle,3.21,0.76,6.1,41.7,Medium,Online Resources,6.2,True,Business,6.6,0,2.8,0,3.9,96,True
STU0119,23,Non-binary,Low,3.04,0.87,4.7,62.3,High,Minimal,10.3,False,Economics,7.1,0,10.5,0,10.3,100,True
STU0120,22,Female,Low,2.86,0.68,4.8,87.3,Low,Textbooks,3.2,True,Psychology,6.3,0,0.6,15,2.4,92,True
STU0121,22,Female,High,2.15,0.67,7.6,45.2,Low,Textbooks,3.9,True,Economics,4.0,0,2.3,12,5.0,90,True
STU0122,17,Non-binary,Middle,3.03,0.91,6.9,76.4,Medium,Minimal,4.3,True,Mathematics,7.5,0,1.0,0,7.6,100,True
STU0123,24,Female,Low,4.0,0.85,8.0,51.2,Medium,"Textbooks, Online Resources",8.3,True,Mathematics,10.0,0,4.6,16,3.5,100,True
STU0124,17,Male,Low,3.64,0.82,3.7,41.8,High,Textbooks,2.6,True,Mathematics,5.2,0,2.7,5,6.0,94,True
STU0125,21,Female,Low,3.82,0.4,7.0,85.6,Medium,"Textbooks, Online Resources",6.9,False,Liberal Arts,5.5,0,1.7,0,2.2,98,True
STU0126,26,Male,Low,2.34,0.75,10.0,78.6,Medium,"Textbooks, Online Resources",4.3,False,Business,5.3,1,2.2,16,11.8,100,True
STU0127,17,Male,Low,2.01,0.89,6.3,43.2,High,"Online Resources, Study Group",12.9,False,Psychology,8.4,1,4.8,16,4.1,95,True
STU0128,18,Non-binary,Low,2.61,0.84,8.6,48.5,Medium,Minimal,4.5,False,Engineering,7.9,0,2.0,0,5.8,100,True
STU0129,20,Non-binary,Middle,2.74,0.81,8.6,77.3,High,Textbooks,0.9,False,Engineering,6.7,0,4.2,24,0.8,100,True
STU0130,18,Non-binary,High,3.47,0.89,8.7,84.5,Low,"Textbooks, Tutoring",7.6,False,Economics,5.2,0,2.0,0,1.9,100,True
STU0131,17,Female,Low,1.52,0.54,7.3,56.0,Medium,"Online Resources, Tutoring",6.7,False,Economics,7.2,1,8.3,0,10.0,97,True
STU0132,20,Non-binary,Middle,3.77,0.72,8.1,83.6,Low,"Textbooks, Online Resources",5.9,True,Psychology,3.9,0,8.2,6,3.5,100,True
STU0133,17,Non-binary,Middle,2.59,0.89,8.4,78.5,Medium,"Textbooks, Online Resources",10.1,True,Data Science,7.3,0,1.7,15,2.3,100,True
STU0134,21,Female,High,2.4,0.89,8.3,68.8,Medium,"Tutoring, Study Group",1.6,False,Psychology,8.7,1,2.3,0,1.2,100,True
STU0135,17,Non-binary,High,1.99,0.35,4.8,87.1,Medium,"Textbooks, Online Resources, Tutoring",2.9,False,Economics,4.5,2,0.8,26,11.7,84,True
STU0136,24,Female,Low,1.54,0.32,3.6,55.3,Low,"Textbooks, Online Resources",5.2,True,Chemistry,3.9,2,5.6,24,8.3,71,True
STU0137,17,Female,High,3.28,0.6,3.9,67.9,Medium,"Online Resources, Tutoring",5.7,False,Liberal Arts,10.0,0,5.5,15,7.9,100,True
STU0138,19,Male,High,2.75,0.74,6.5,62.9,High,"Textbooks, Tutoring",4.7,True,Liberal Arts,5.8,0,2.3,11,14.9,100,True
STU0139,22,Male,Middle,1.8,0.65,8.2,72.0,Low,Minimal,1.8,False,Biology,9.3,0,4.7,24,3.9,93,True
STU0140,17,Non-binary,Middle,1.79,0.66,4.8,65.4,High,"Textbooks, Online Resources, Study Group",3.9,False,Economics,6.7,0,2.0,0,1.4,96,True
STU0141,20,Female,Middle,2.46,0.65,8.8,47.7,High,Tutoring,12.4,True,Business,6.7,0,2.2,0,5.2,100,True
STU0142,23,Male,Low,3.87,0.75,6.0,76.5,Medium,Textbooks,2.5,True,Biology,7.9,0,5.3,21,16.8,100,True
STU0143,17,Male,Low,2.52,0.34,6.0,94.5,Medium,Textbooks,5.1,False,Computer Science,5.2,0,1.1,0,5.3,100,True
STU0144,20,Male,High,1.65,0.86,5.3,78.1,Low,Online Resources,6.9,False,Economics,7.3,0,3.6,0,11.1,100,True
STU0145,20,Male,High,2.53,0.69,3.2,79.2,Low,"Textbooks, Study Group",8.1,False,Data Science,6.2,1,1.3,8,1.4,93,True
STU0146,22,Non-binary,Low,2.51,0.81,7.5,75.3,High,"Textbooks, Online Resources",7.6,True,Computer Science,4.4,0,9.8,7,2.6,100,True
STU0147,17,Male,Low,0.81,0.45,10.0,91.3,Medium,"Textbooks, Tutoring",3.7,False,Biology,7.7,0,2.5,0,9.6,97,True
STU0148,17,Non-binary,Middle,2.66,0.69,6.9,93.0,High,Study Group,2.9,False,Engineering,6.5,0,2.2,0,5.7,100,True
STU0149,21,Female,Low,2.54,0.91,3.3,72.6,Medium,Online Resources,12.9,False,Computer Science,6.7,1,2.1,16,4.6,100,True
STU0150,20,Non-binary,Low,3.19,0.67,8.6,69.6,High,"Textbooks, Online Resources",8.6,False,Computer Science,4.6,0,0.8,14,11.0,100,True
STU0151,20,Male,High,3.99,0.84,3.8,76.8,Medium,"Textbooks, Online Resources, Study Group",5.4,False,Mathematics,10.0,2,0.7,26,9.5,100,True
STU0152,21,Female,High,3.49,0.75,4.6,52.7,Low,"Online Resources, Study Group",11.1,True,Business,8.8,1,7.1,18,5.9,99,True
STU0153,17,Female,Middle,2.51,0.55,6.5,54.6,Low,Textbooks,1.8,True,Engineering,8.9,0,1.0,0,0.3,87,True
STU0154,20,Non-binary,Low,1.93,0.98,7.2,87.1,Medium,"Textbooks, Tutoring",2.1,True,Business,6.4,0,1.5,0,5.1,100,True
STU0155,20,Female,High,4.0,0.8,5.0,77.9,High,"Textbooks, Study Group",0.9,False,Business,3.5,0,2.4,28,6.9,97,True
STU0156,17,Non-binary,Low,2.74,0.94,6.4,59.3,Low,Textbooks,5.7,False,Engineering,10.0,1,2.5,8,0.9,100,True
STU0157,25,Female,Low,2.71,0.55,8.4,69.2,Medium,Textbooks,5.8,False,Computer Science,6.9,0,2.7,26,6.8,100,True
STU0158,21,Non-binary,Middle,2.68,0.51,8.7,47.9,Medium,"Textbooks, Tutoring",1.9,False,Business,5.5,1,4.2,9,11.3,96,True
STU0159,17,Male,Low,2.84,0.84,9.5,71.4,High,"Textbooks, Online Resources",8.4,False,Mathematics,7.8,2,7.2,22,5.1,100,True
STU0160,21,Non-binary,Middle,2.6,0.82,10.0,53.8,Medium,Minimal,1.2,True,Economics,9.3,0,2.5,0,2.1,100,True
STU0161,17,Non-binary,High,2.3,0.72,8.6,75.2,Low,"Online Resources, Tutoring",6.4,True,Computer Science,7.0,0,0.3,0,0.4,100,True
STU0162,22,Male,High,2.32,0.86,6.6,70.3,Low,"Textbooks, Online Resources, Tutoring, Study Group",7.3,False,Psychology,9.6,0,3.9,0,6.9,100,True
STU0163,23,Non-binary,High,2.68,0.64,8.7,87.6,High,"Textbooks, Study Group",5.6,True,Chemistry,9.2,0,2.5,0,1.0,100,True
STU0164,17,Non-binary,High,2.32,0.51,7.9,87.2,High,"Textbooks, Online Resources",1.7,False,Data Science,4.8,0,1.8,17,7.9,100,True
STU0165,22,Female,Middle,2.2,0.51,8.0,90.0,Low,Textbooks,10.0,False,Liberal Arts,5.7,1,1.5,0,16.3,100,True
STU0166,21,Non-binary,Middle,2.77,0.8,7.4,64.4,High,Study Group,3.8,False,Economics,8.9,0,8.1,12,2.8,98,True
STU0167,22,Female,High,2.52,0.51,5.2,83.4,Low,Textbooks,3.8,True,Mathematics,1.6,0,2.4,19,4.2,91,True
STU0168,25,Male,High,3.75,0.92,4.9,76.5,Medium,Minimal,3.3,True,Economics,6.7,0,1.1,0,16.9,100,True
STU0169,19,Female,High,0.84,0.81,6.8,75.1,High,Minimal,7.7,True,Biology,4.1,1,3.6,9,5.5,100,True
STU0170,17,Female,Middle,3.46,0.86,7.3,58.1,Low,Minimal,3.7,False,Mathematics,6.0,0,6.5,0,3.5,100,True
STU0171,17,Male,High,3.57,0.92,5.6,68.4,High,"Textbooks, Online Resources",2.3,False,Economics,6.4,0,0.8,4,10.3,100,True
STU0172,17,Female,Middle,1.25,0.74,7.8,82.2,Medium,Tutoring,9.0,True,Business,6.3,0,7.1,0,3.7,100,True
STU0173,19,Male,Low,2.46,0.61,10.0,97.4,Low,Textbooks,5.0,True,Computer Science,5.9,0,0.5,23,2.6,100,True
STU0174,21,Non-binary,High,2.44,0.5,3.5,72.2,Low,"Tutoring, Study Group",9.1,True,Biology,4.8,0,3.0,0,7.8,94,True
STU0175,20,Non-binary,Middle,1.71,0.77,8.2,87.9,Low,"Textbooks, Tutoring",5.3,True,Biology,10.0,0,4.8,13,10.8,96,True
STU0176,22,Female,Middle,2.16,0.56,6.9,78.0,Medium,Textbooks,3.2,True,Biology,10.0,2,1.2,10,2.6,85,True
STU0177,20,Non-binary,Middle,1.92,0.53,7.9,79.7,Low,"Textbooks, Online Resources",1.4,True,Psychology,4.7,1,0.7,15,5.9,79,True
STU0178,24,Male,Low,3.93,0.54,6.1,62.5,High,"Textbooks, Online Resources",5.7,True,Economics,10.0,0,1.7,0,4.4,100,True
STU0179,19,Non-binary,High,3.35,0.8,6.7,61.4,Low,Textbooks,4.3,True,Computer Science,6.2,0,7.4,41,5.0,98,True
STU0180,28,Male,Middle,3.59,0.68,7.3,72.7,Medium,"Textbooks, Online Resources",7.9,False,Computer Science,7.3,0,3.8,26,2.1,100,True
STU0181,21,Non-binary,High,3.21,0.67,6.4,75.4,High,"Online Resources, Tutoring",3.6,True,Business,6.9,0,0.6,26,8.2,100,True
STU0182,17,Female,Middle,1.91,0.53,4.0,57.5,Medium,Minimal,6.5,False,Mathematics,5.7,0,9.8,19,14.0,82,True
STU0183,17,Non-binary,High,2.33,0.61,6.5,63.2,High,"Textbooks, Online Resources, Study Group",5.1,True,Liberal Arts,9.0,0,1.5,16,2.5,92,True
STU0184,21,Non-binary,Low,3.04,0.83,4.2,96.9,High,"Online Resources, Tutoring",3.0,False,Chemistry,7.3,1,3.2,0,8.2,100,True
STU0185,19,Non-binary,Middle,1.84,0.44,8.3,92.3,Medium,Textbooks,3.8,False,Mathematics,6.0,0,4.9,0,10.1,94,True
STU0186,22,Male,Middle,3.2,0.8,3.3,35.6,Medium,"Textbooks, Online Resources, Study Group",2.0,False,Psychology,4.4,1,4.7,8,5.9,93,True
STU0187,21,Male,Low,2.53,0.89,9.1,46.4,Medium,"Textbooks, Online Resources",13.4,False,Liberal Arts,5.2,0,1.7,0,7.9,100,True
STU0188,19,Female,High,2.44,0.79,7.9,53.2,Medium,"Textbooks, Study Group",6.4,True,Economics,3.7,1,3.7,0,2.8,100,True
STU0189,17,Male,Middle,3.2,0.57,7.9,80.9,Low,"Textbooks, Online Resources",1.9,True,Liberal Arts,7.0,0,3.5,0,13.5,100,True
STU0190,17,Non-binary,Low,3.01,0.77,2.7,66.7,Medium,"Textbooks, Online Resources, Tutoring",13.1,True,Mathematics,4.6,0,2.8,10,10.9,100,True
STU0191,18,Non-binary,Middle,2.45,0.58,6.3,48.5,High,"Textbooks, Online Resources",2.5,False,Mathematics,6.5,1,9.7,0,11.7,93,True
STU0192,22,Male,Middle,3.51,0.66,9.3,58.4,Low,"Textbooks, Online Resources, Tutoring",3.5,False,Business,9.7,1,1.2,0,1.8,100,True
STU0193,20,Non-binary,Middle,1.94,0.74,6.0,59.5,Medium,Textbooks,4.5,False,Chemistry,9.4,0,0.9,0,7.2,95,True
STU0194,17,Female,High,3.13,0.74,4.8,81.4,Low,"Textbooks, Online Resources",5.2,True,Engineering,6.9,1,3.8,3,3.0,99,True
STU0195,20,Female,Low,3.12,0.81,5.7,70.0,High,"Textbooks, Online Resources",7.8,False,Data Science,6.8,0,3.9,0,14.2,100,True
STU0196,21,Male,Low,2.48,0.62,6.9,37.0,High,"Textbooks, Study Group",1.1,False,Engineering,10.0,0,4.6,14,2.6,98,True
STU0197,17,Male,Low,2.93,0.57,5.3,70.1,High,Online Resources,5.3,False,Engineering,8.0,1,0.7,23,6.0,100,True
STU0198,20,Female,Low,1.82,0.89,9.5,75.5,Low,Online Resources,4.3,True,Economics,6.3,0,4.1,26,0.6,99,True
STU0199,20,Female,Middle,3.35,0.77,6.9,98.8,Low,Tutoring,5.8,False,Data Science,4.1,0,0.2,19,6.0,100,True
STU0200,17,Male,High,2.57,0.86,5.9,80.8,Medium,Online Resources,4.2,True,Biology,7.8,1,1.8,0,1.8,100,True
STU0201,21,Male,Low,2.33,0.86,4.4,64.1,Medium,Minimal,3.9,False,Computer Science,8.7,0,1.0,5,7.5,100,True
STU0202,21,Male,High,3.43,0.46,8.0,85.5,Medium,"Online Resources, Tutoring",4.8,True,Biology,5.7,0,7.0,0,4.5,100,True
STU0203,23,Non-binary,Low,2.21,0.86,7.9,66.6,High,"Textbooks, Online Resources",12.7,False,Business,7.6,0,0.9,0,3.7,100,True
STU0204,23,Male,Low,1.71,0.71,5.4,74.8,Medium,Textbooks,3.9,True,Economics,6.3,0,3.6,0,14.5,94,True
STU0205,17,Male,Middle,1.61,0.91,2.5,78.8,Low,"Textbooks, Online Resources",9.8,True,Business,6.6,0,0.2,2,20.3,99,True
STU0206,17,Non-binary,Middle,3.12,0.61,7.8,75.9,Medium,"Textbooks, Tutoring",5.6,True,Engineering,2.0,0,0.4,0,1.3,100,True
STU0207,21,Female,Middle,1.8,0.99,6.6,74.4,High,"Textbooks, Online Resources, Study Group",5.5,True,Engineering,6.6,1,1.4,0,3.8,98,True
STU0208,21,Male,High,3.93,0.72,7.7,42.5,Medium,"Textbooks, Tutoring, Study Group",5.8,True,Liberal Arts,8.9,0,0.6,6,9.1,100,True
STU0209,21,Non-binary,Middle,1.24,0.64,10.0,58.2,High,Minimal,6.9,True,Business,5.7,1,2.4,13,6.6,94,True
STU0210,31,Male,Middle,3.89,0.82,6.9,76.4,High,Textbooks,4.1,False,Computer Science,7.1,1,2.2,4,8.8,100,True
STU0211,21,Male,Low,2.85,0.58,6.0,45.1,High,"Textbooks, Online Resources",9.4,False,Psychology,5.5,0,0.8,0,4.7,100,True
STU0212,23,Non-binary,Low,2.63,0.49,4.7,29.0,Medium,Online Resources,6.9,True,Chemistry,7.7,2,2.8,0,11.2,79,True
STU0213,22,Female,Middle,2.32,0.87,6.4,58.0,Low,"Textbooks, Online Resources",2.2,True,Engineering,6.6,0,11.1,18,5.8,99,True
STU0214,21,Non-binary,Middle,2.98,0.8,7.3,88.8,Medium,Online Resources,0.9,False,Computer Science,5.1,0,6.4,0,6.9,100,True
STU0215,19,Male,High,2.67,0.59,7.1,68.9,High,Textbooks,12.4,True,Engineering,9.7,0,1.1,12,1.8,98,True
STU0216,22,Female,High,3.47,0.92,10.0,52.0,Medium,"Textbooks, Tutoring",5.9,True,Psychology,8.9,0,5.0,15,5.4,100,True
STU0217,17,Non-binary,Low,2.78,0.82,8.0,90.1,Medium,Textbooks,2.0,True,Liberal Arts,5.8,0,3.3,0,9.2,100,True
STU0218,19,Non-binary,High,2.81,0.48,6.7,43.7,Medium,Minimal,3.9,True,Computer Science,8.0,1,3.3,26,6.4,90,True
STU0219,18,Female,Middle,2.45,0.85,5.6,83.9,High,Minimal,8.6,False,Liberal Arts,8.1,0,0.7,0,5.6,100,True
STU0220,20,Male,Middle,2.66,0.81,7.5,69.5,High,"Textbooks, Study Group",4.6,False,Business,8.3,0,0.7,3,7.2,100,True
STU0221,26,Non-binary,Low,2.92,0.9,5.2,40.0,Medium,"Textbooks, Online Resources",4.9,False,Chemistry,3.6,0,1.0,0,5.8,100,True
STU0222,17,Non-binary,Middle,1.5,0.69,7.4,74.0,Medium,"Textbooks, Study Group",7.7,False,Liberal Arts,9.0,0,3.7,0,4.9,100,True
STU0223,22,Non-binary,Middle,1.76,0.66,8.0,62.4,Medium,"Textbooks, Tutoring",6.2,False,Economics,5.9,0,1.5,19,9.4,98,True
STU0224,17,Male,Middle,3.22,0.74,6.6,67.6,Low,"Textbooks, Online Resources, Tutoring, Study Group",7.2,False,Psychology,6.3,1,0.8,14,4.6,100,True
STU0225,18,Non-binary,Middle,2.82,0.61,5.7,75.1,High,"Textbooks, Online Resources",7.7,False,Data Science,10.0,0,5.9,11,1.7,100,True
STU0226,23,Female,High,2.57,0.71,2.6,72.7,Low,"Textbooks, Online Resources",3.2,False,Psychology,7.6,0,0.8,23,14.0,91,True
STU0227,20,Female,High,2.71,0.69,9.3,83.4,High,"Textbooks, Tutoring, Study Group",3.5,True,Economics,6.2,0,3.2,23,3.1,100,True
STU0228,17,Non-binary,High,2.94,0.72,7.8,67.6,Medium,"Online Resources, Study Group",3.0,False,Mathematics,2.6,1,1.1,0,1.2,98,True
STU0229,17,Non-binary,High,2.32,0.77,7.9,96.1,Low,"Textbooks, Online Resources, Tutoring",3.6,False,Engineering,9.8,0,0.4,0,7.9,95,True
STU0230,22,Female,High,2.16,0.59,3.9,64.5,Medium,Textbooks,4.8,False,Economics,4.3,0,6.4,5,15.3,100,True
STU0231,17,Female,Low,2.84,0.95,9.8,84.7,Low,"Textbooks, Online Resources",5.0,True,Data Science,5.0,1,0.7,0,8.0,100,True
STU0232,20,Non-binary,Middle,2.02,0.88,6.1,84.0,Medium,Textbooks,10.9,True,Economics,6.3,0,6.7,13,12.7,100,True
STU0233,20,Female,Low,2.99,0.76,6.4,66.5,High,Minimal,6.1,False,Engineering,9.8,1,2.2,17,2.3,100,True
STU0234,18,Male,Middle,1.51,0.45,4.9,56.5,Medium,"Textbooks, Tutoring, Study Group",4.8,False,Biology,8.5,0,2.4,12,1.7,82,True
STU0235,26,Male,Middle,3.42,0.86,3.4,88.7,High,Textbooks,2.6,False,Economics,6.7,0,4.8,0,3.8,100,True
STU0236,21,Male,Middle,3.03,0.6,9.3,84.0,Medium,"Textbooks, Online Resources, Tutoring",4.3,True,Economics,7.6,0,4.2,20,10.6,98,True
STU0237,17,Male,Low,2.88,0.96,9.6,68.9,Medium,"Textbooks, Tutoring",13.0,False,Biology,5.8,0,3.2,17,7.5,100,True
STU0238,20,Female,Middle,3.39,0.69,6.7,65.9,High,"Online Resources, Tutoring",12.9,True,Data Science,7.3,0,1.6,0,7.9,100,True
STU0239,18,Male,Middle,3.87,0.58,5.6,76.5,High,"Textbooks, Tutoring",4.2,False,Psychology,7.1,0,4.0,0,5.6,100,True
STU0240,22,Non-binary,High,3.41,0.66,6.2,82.2,Low,"Online Resources, Tutoring",1.5,False,Mathematics,8.9,0,4.6,0,3.9,100,True
STU0241,17,Non-binary,High,1.41,0.7,6.3,67.0,Medium,"Textbooks, Tutoring",3.9,False,Mathematics,8.9,1,0.4,33,5.8,79,True
STU0242,19,Male,Middle,1.8,0.71,4.6,82.6,Low,Textbooks,11.0,False,Psychology,8.0,0,2.4,0,4.5,96,True
STU0243,21,Non-binary,High,2.26,0.58,6.4,74.8,Low,"Online Resources, Tutoring",4.8,False,Psychology,6.3,0,0.1,0,3.7,91,True
STU0244,22,Male,Low,2.72,0.78,7.3,89.4,High,"Textbooks, Online Resources, Tutoring, Study Group",7.7,False,Psychology,8.5,0,3.6,0,6.8,100,True
STU0245,17,Male,Middle,3.06,0.78,9.0,83.3,High,Minimal,5.1,True,Business,6.8,0,0.7,0,4.2,100,True
STU0246,18,Male,Low,2.19,0.47,7.0,99.5,Medium,"Textbooks, Online Resources",1.9,True,Mathematics,4.8,0,3.8,0,6.2,90,True
STU0247,18,Non-binary,High,2.83,0.83,3.8,79.5,Low,"Textbooks, Online Resources, Tutoring",5.2,True,Liberal Arts,6.2,1,2.1,13,0.7,92,True
STU0248,18,Non-binary,High,2.17,0.66,7.7,96.6,Medium,"Online Resources, Study Group",8.3,True,Economics,7.2,2,3.3,0,5.8,97,True
STU0249,25,Male,Low,2.27,0.58,6.5,65.6,Low,"Textbooks, Online Resources, Tutoring, Study Group",3.5,False,Chemistry,8.8,0,8.0,5,4.1,91,True
STU0250,21,Male,Middle,1.72,0.72,9.7,89.9,High,"Online Resources, Tutoring",8.2,False,Economics,6.6,2,0.9,21,13.2,100,True
STU0251,17,Male,High,2.05,0.76,9.9,95.5,Medium,Textbooks,5.4,True,Computer Science,4.6,0,2.2,0,1.2,100,True
STU0252,22,Male,High,1.75,0.36,9.9,55.7,Low,Textbooks,7.9,True,Data Science,7.1,0,2.7,0,5.5,95,True
STU0253,26,Female,High,2.02,0.94,5.9,81.5,High,Minimal,6.3,False,Psychology,7.2,1,0.6,0,9.3,100,True
STU0254,23,Male,Low,3.44,0.57,10.0,33.1,Low,"Textbooks, Online Resources",2.7,False,Chemistry,7.4,0,5.0,0,4.6,100,True
STU0255,17,Non-binary,Low,2.04,0.71,7.7,78.4,Medium,Online Resources,4.3,False,Mathematics,8.8,1,7.2,0,4.0,100,True
STU0256,18,Male,High,4.0,0.69,10.0,84.5,High,Textbooks,4.2,False,Liberal Arts,9.0,0,2.9,0,9.2,100,True
STU0257,23,Female,Middle,3.05,0.82,6.0,56.1,Low,Textbooks,3.4,False,Liberal Arts,5.8,0,8.7,18,7.4,100,True
STU0258,17,Non-binary,Low,2.83,0.83,6.4,59.1,Low,Minimal,6.0,False,Mathematics,5.8,1,3.9,8,7.8,98,True
STU0259,21,Female,Middle,2.1,0.77,7.5,72.1,Medium,"Textbooks, Online Resources, Tutoring",14.3,True,Computer Science,4.9,0,2.7,0,3.7,100,True
STU0260,22,Male,Low,3.19,0.32,7.3,82.4,Medium,"Textbooks, Online Resources",9.4,True,Psychology,8.4,0,5.1,7,3.3,100,True
STU0261,17,Non-binary,Low,2.3,0.46,9.5,51.3,Medium,"Textbooks, Online Resources",10.1,False,Biology,9.9,0,2.1,0,6.2,100,True
STU0262,19,Male,Middle,2.79,0.79,6.5,66.2,High,"Online Resources, Study Group",3.3,True,Data Science,6.4,0,2.0,0,9.8,100,True
STU0263,17,Non-binary,Middle,4.0,0.69,9.3,50.7,High,Tutoring,10.2,False,Biology,6.5,0,3.9,0,1.5,100,True
STU0264,17,Non-binary,Middle,2.63,0.74,8.5,95.2,Medium,"Textbooks, Online Resources",12.1,False,Business,9.9,0,10.0,10,4.8,100,True
STU0265,19,Non-binary,Low,3.5,0.79,6.6,73.8,High,Textbooks,3.2,False,Economics,8.0,1,0.9,0,3.4,100,True
STU0266,17,Female,Middle,2.21,0.82,8.3,60.1,Low,"Textbooks, Online Resources",6.7,True,Business,7.9,0,0.5,25,5.2,93,True
STU0267,24,Male,Middle,2.68,0.85,6.1,86.1,Medium,"Textbooks, Tutoring",6.8,True,Computer Science,4.6,0,3.2,14,8.7,100,True
STU0268,17,Female,Middle,3.94,0.68,10.0,67.8,High,Textbooks,4.5,False,Economics,8.4,0,0.1,21,2.5,100,True
STU0269,18,Female,Middle,2.26,0.68,1.7,90.7,High,"Online Resources, Tutoring",5.7,True,Psychology,5.1,1,1.6,0,8.0,92,True
STU0270,20,Male,Middle,3.97,0.67,8.3,52.9,Medium,"Textbooks, Online Resources, Tutoring",7.0,False,Economics,4.7,0,2.3,0,3.8,100,True
STU0271,24,Male,Middle,3.2,0.75,3.5,75.1,Medium,Minimal,4.7,True,Economics,6.3,0,1.4,31,10.9,100,True
STU0272,17,Male,Middle,2.31,0.83,6.5,81.9,High,"Textbooks, Online Resources",9.2,False,Chemistry,5.8,0,6.8,17,2.7,100,True
STU0273,23,Non-binary,Low,3.14,0.79,6.8,86.7,High,"Textbooks, Online Resources, Tutoring",2.2,True,Chemistry,6.6,0,6.5,9,9.7,100,True
STU0274,20,Female,Middle,3.38,0.95,10.0,78.9,Medium,Textbooks,4.2,False,Computer Science,4.1,0,9.5,0,1.6,100,True
STU0275,17,Female,Low,3.14,0.66,5.6,60.4,High,"Online Resources, Tutoring, Study Group",7.8,True,Business,8.9,0,2.4,0,5.9,94,True
STU0276,21,Female,High,1.6,0.95,9.6,79.3,Low,"Textbooks, Online Resources, Study Group",13.4,True,Mathematics,9.3,0,2.8,19,8.1,100,True
STU0277,20,Female,High,2.19,0.52,4.6,51.2,High,Minimal,9.5,False,Psychology,3.1,0,1.5,9,2.7,96,True
STU0278,18,Female,Low,2.53,0.62,9.7,72.8,Low,Minimal,5.6,True,Economics,9.0,0,5.8,0,3.5,100,True
STU0279,20,Non-binary,Middle,2.65,0.38,6.1,71.8,Low,"Online Resources, Tutoring, Study Group",4.8,False,Data Science,5.4,0,0.3,9,5.2,92,True
STU0280,18,Male,Low,3.13,0.55,7.1,52.4,High,Textbooks,4.3,False,Data Science,8.7,0,1.6,0,4.0,100,True
STU0281,20,Non-binary,High,2.82,0.82,6.3,95.2,High,Online Resources,4.4,False,Engineering,6.9,0,6.0,0,3.3,100,True
STU0282,21,Non-binary,Low,1.77,0.71,9.6,41.5,Medium,"Textbooks, Online Resources, Study Group",1.4,False,Economics,7.1,0,2.0,24,9.3,91,True
STU0283,24,Non-binary,High,2.97,0.84,9.2,81.9,Low,Online Resources,13.1,False,Economics,6.6,0,1.4,11,11.6,100,True
STU0284,17,Male,Low,3.13,0.74,7.9,91.9,High,Textbooks,5.0,False,Computer Science,9.4,0,1.1,0,11.2,100,True
STU0285,26,Male,Low,3.09,0.47,4.7,68.0,Low,Online Resources,3.1,False,Data Science,4.5,0,0.9,0,7.2,86,True
STU0286,17,Female,Low,3.46,0.68,5.6,71.5,Medium,"Textbooks, Tutoring",6.6,True,Mathematics,8.2,0,1.4,16,7.9,100,True
STU0287,19,Non-binary,Low,3.28,0.9,4.9,75.4,Low,"Textbooks, Online Resources",3.3,False,Mathematics,9.2,1,3.6,4,2.3,100,True
STU0288,21,Female,Low,3.02,0.74,2.5,87.8,High,Textbooks,8.7,True,Biology,8.4,0,2.4,19,4.9,100,True
STU0289,20,Male,High,2.65,0.73,9.5,94.5,High,Online Resources,3.2,True,Data Science,10.0,0,7.2,0,5.6,100,True
STU0290,18,Male,Low,1.54,0.78,6.3,52.0,Low,"Textbooks, Online Resources, Tutoring, Study Group",8.0,False,Mathematics,5.9,0,0.4,7,6.4,95,True
STU0291,19,Male,Low,3.0,0.43,6.3,98.5,Medium,Online Resources,4.3,True,Economics,8.9,0,1.2,0,6.3,100,True
STU0292,18,Male,Low,2.85,0.65,10.0,85.0,Low,Online Resources,6.1,True,Biology,6.8,0,0.6,0,5.3,100,True
STU0293,18,Non-binary,Middle,2.89,0.72,6.0,83.5,High,"Textbooks, Online Resources, Study Group",8.3,False,Data Science,9.5,0,1.1,13,7.1,100,True
STU0294,22,Female,High,1.81,0.62,5.3,67.4,Medium,Study Group,3.7,False,Engineering,7.0,0,1.2,0,6.1,95,True
STU0295,21,Male,Low,1.94,0.64,6.6,74.0,Low,"Textbooks, Online Resources",8.2,False,Computer Science,6.2,0,3.6,0,6.1,92,True
STU0296,17,Female,High,3.44,0.87,4.7,82.7,Low,"Textbooks, Online Resources",1.4,True,Chemistry,9.6,2,4.0,0,2.9,92,True
STU0297,22,Male,Low,2.67,0.46,7.7,45.2,Medium,"Textbooks, Online Resources, Tutoring",11.6,True,Psychology,6.0,0,3.8,23,1.9,100,True
STU0298,20,Female,Middle,3.18,0.91,6.3,74.7,Low,Online Resources,9.0,True,Computer Science,4.2,0,4.8,0,6.4,100,True
STU0299,22,Female,High,2.72,0.91,6.0,83.0,Medium,Minimal,4.9,True,Data Science,6.0,0,5.4,0,3.7,100,True
STU0300,21,Male,Middle,2.72,0.88,5.8,73.2,Medium,"Textbooks, Online Resources",9.9,False,Data Science,8.2,0,3.4,0,3.0,100,True
STU0301,17,Male,Middle,3.36,0.35,6.8,91.4,Medium,Textbooks,9.4,False,Computer Science,9.8,0,4.5,22,8.3,100,True
STU0302,18,Female,Low,2.34,0.61,7.2,34.8,Medium,Textbooks,5.2,False,Engineering,7.2,0,1.8,0,4.9,100,True
STU0303,22,Non-binary,High,2.77,0.88,6.0,96.8,Low,Textbooks,5.2,True,Business,9.6,0,0.5,0,12.8,100,True
STU0304,21,Male,High,2.38,0.86,6.3,71.2,Low,Tutoring,2.9,False,Economics,4.3,0,1.2,14,7.7,94,True
STU0305,19,Male,High,2.4,0.81,6.8,87.3,High,"Textbooks, Study Group",5.4,True,Data Science,6.1,0,7.0,0,2.7,100,True
STU0306,20,Non-binary,High,2.48,0.66,6.6,93.3,Medium,"Textbooks, Online Resources",1.8,True,Liberal Arts,6.4,1,0.7,44,8.3,99,True
STU0307,23,Non-binary,Low,2.86,0.7,7.1,56.6,High,"Textbooks, Online Resources",7.9,False,Mathematics,6.8,0,1.6,0,6.9,100,True
STU0308,18,Male,Low,2.36,0.71,5.6,62.3,High,Online Resources,8.0,False,Business,7.2,0,0.5,32,2.6,100,True
STU0309,21,Male,Middle,3.58,0.52,9.0,68.8,Low,Textbooks,1.4,True,Biology,8.4,0,5.1,22,3.3,98,True
STU0310,19,Male,Low,2.07,0.74,7.2,65.0,Low,"Textbooks, Online Resources, Tutoring",11.0,False,Biology,6.1,0,2.2,7,8.1,100,True
STU0311,19,Male,High,2.57,0.72,6.0,56.6,Low,"Textbooks, Online Resources",3.5,True,Chemistry,7.3,0,1.7,13,0.9,83,True
STU0312,23,Female,Low,2.39,0.71,7.7,78.6,Low,Minimal,20.9,True,Biology,6.9,0,0.1,9,0.6,98,True
STU0313,22,Female,Middle,3.71,0.93,6.9,79.4,High,"Online Resources, Study Group",5.9,False,Biology,5.1,0,2.4,27,5.8,100,True
STU0314,22,Female,High,2.84,0.7,3.5,43.4,Medium,Textbooks,11.0,False,Psychology,6.8,0,5.6,17,5.5,94,True
STU0315,23,Male,High,3.42,0.71,7.7,59.0,High,Study Group,2.8,True,Computer Science,6.7,0,4.1,7,6.2,100,True
STU0316,20,Female,Middle,1.66,0.76,5.0,86.0,High,"Textbooks, Online Resources",4.3,True,Biology,6.7,0,1.2,10,5.5,93,True
STU0317,22,Male,Middle,2.89,0.62,8.9,74.9,Low,"Textbooks, Online Resources",3.7,True,Data Science,7.1,0,0.9,26,7.1,100,True
STU0318,19,Male,High,3.32,0.86,6.5,57.9,Medium,"Textbooks, Online Resources",1.8,False,Economics,7.2,0,2.6,0,11.7,100,True
STU0319,20,Female,Low,2.76,0.82,8.6,73.6,High,"Textbooks, Tutoring",2.2,True,Computer Science,6.1,0,3.7,31,5.2,100,True
STU0320,19,Male,Low,3.45,0.9,5.7,56.8,Low,"Textbooks, Online Resources",4.8,True,Liberal Arts,9.5,1,0.6,30,1.4,96,True
STU0321,20,Female,High,2.34,0.78,7.1,55.1,Low,"Textbooks, Tutoring",6.5,False,Data Science,4.7,0,0.9,22,0.8,100,True
STU0322,21,Female,High,3.69,0.97,9.4,93.1,Medium,"Textbooks, Tutoring",2.6,False,Liberal Arts,5.6,0,0.9,0,3.9,100,True
STU0323,17,Female,High,4.0,0.95,6.5,84.6,High,"Textbooks, Online Resources",4.1,False,Computer Science,10.0,2,4.2,12,4.0,100,True
STU0324,26,Female,Low,2.45,0.78,5.8,88.7,Medium,"Textbooks, Tutoring",3.3,False,Data Science,4.9,0,0.8,0,1.6,100,True
STU0325,17,Female,Low,2.39,0.95,8.3,58.0,Medium,Textbooks,5.0,False,Psychology,4.3,0,0.9,0,0.4,100,True
STU0326,17,Non-binary,High,3.72,0.75,8.3,78.1,Medium,Minimal,7.6,False,Economics,8.5,0,7.5,17,3.7,100,True
STU0327,23,Non-binary,Middle,3.81,0.6,5.9,62.2,High,"Textbooks, Online Resources, Study Group",5.5,True,Data Science,2.8,1,3.9,14,15.2,96,True
STU0328,22,Non-binary,High,2.33,0.47,3.0,67.0,Low,"Textbooks, Study Group",3.6,True,Business,6.5,0,2.6,0,6.9,89,True
STU0329,21,Non-binary,High,2.41,0.86,5.8,66.4,Medium,"Textbooks, Online Resources, Study Group",9.2,True,Business,10.0,0,2.6,16,6.4,100,True
STU0330,21,Non-binary,Low,2.5,0.82,8.4,81.6,Medium,Minimal,6.4,False,Liberal Arts,3.9,1,0.1,0,4.5,100,True
STU0331,19,Female,High,1.76,0.9,5.4,66.9,High,"Textbooks, Online Resources",5.6,True,Data Science,3.0,0,2.8,15,3.9,100,True
STU0332,17,Male,Low,2.06,0.84,7.0,57.8,High,"Textbooks, Tutoring",2.6,False,Business,4.0,0,6.4,0,7.4,100,True
STU0333,20,Male,Middle,2.0,0.46,5.7,72.8,Low,Tutoring,8.6,True,Chemistry,8.8,2,0.9,0,1.8,79,True
STU0334,17,Female,High,2.16,0.6,3.1,66.6,Low,Textbooks,6.7,True,Biology,9.2,0,0.6,0,17.8,87,True
STU0335,22,Male,Middle,2.68,0.82,5.6,82.6,Medium,"Textbooks, Online Resources, Study Group",6.9,True,Biology,6.0,1,0.3,0,1.9,100,True
STU0336,19,Male,High,2.86,0.97,8.3,59.8,Medium,"Textbooks, Tutoring",4.5,True,Computer Science,8.4,0,3.0,0,7.8,100,True
STU0337,17,Non-binary,Middle,3.79,0.97,2.3,51.7,High,"Textbooks, Online Resources",4.0,True,Chemistry,9.8,1,3.8,1,2.1,99,True
STU0338,19,Non-binary,Low,2.0,0.8,7.5,71.0,Medium,"Textbooks, Online Resources",13.2,False,Engineering,10.0,0,4.0,0,5.6,100,True
STU0339,21,Non-binary,High,3.39,0.71,4.6,96.3,High,Textbooks,4.0,False,Economics,6.5,1,1.3,20,8.4,98,True
STU0340,18,Male,High,2.55,0.52,8.2,61.4,Medium,Textbooks,2.3,True,Mathematics,2.4,0,5.7,0,1.1,96,True
STU0341,17,Non-binary,Middle,2.67,0.73,8.4,72.8,High,"Textbooks, Online Resources, Tutoring",5.8,True,Engineering,5.4,0,0.1,0,2.3,100,True
STU0342,20,Female,Low,3.17,0.62,6.7,57.7,Medium,Textbooks,5.2,False,Biology,6.1,0,1.1,21,2.4,96,True
STU0343,20,Male,Middle,1.91,0.94,6.7,81.0,Medium,"Textbooks, Online Resources",9.4,False,Economics,6.5,0,1.5,21,4.2,100,True
STU0344,18,Male,Middle,2.97,0.6,5.4,89.7,Medium,"Textbooks, Online Resources, Tutoring",4.7,True,Business,6.6,0,4.0,0,6.2,99,True
STU0345,18,Non-binary,Low,2.82,0.66,4.3,90.1,Low,Textbooks,7.5,True,Engineering,9.2,1,0.4,24,15.4,100,True
STU0346,20,Female,Middle,3.04,0.93,10.0,92.7,Medium,"Textbooks, Online Resources",11.4,True,Business,9.5,0,2.3,0,3.3,100,True
STU0347,17,Non-binary,Middle,2.9,0.46,5.3,83.6,Medium,Textbooks,6.5,False,Psychology,6.7,0,5.0,21,14.8,100,True
STU0348,17,Non-binary,High,4.0,0.83,10.0,72.7,Low,"Textbooks, Tutoring",2.7,False,Computer Science,9.2,1,4.4,10,6.7,100,True
STU0349,17,Male,Middle,2.25,0.66,5.3,69.8,Low,Textbooks,1.4,False,Economics,7.7,0,1.2,14,1.9,89,True
STU0350,19,Male,High,2.33,0.81,8.1,71.2,Medium,"Textbooks, Study Group",6.6,False,Economics,7.1,0,3.4,15,4.5,94,True
STU0351,20,Non-binary,Low,2.26,0.92,4.7,77.4,High,"Textbooks, Online Resources",4.2,False,Engineering,8.8,0,1.3,16,1.4,100,True
STU0352,24,Male,Middle,2.31,0.66,8.0,66.5,Medium,Minimal,6.0,True,Data Science,7.1,0,1.4,24,3.9,99,True
STU0353,22,Male,Low,2.25,0.62,6.3,87.2,High,"Textbooks, Online Resources",5.2,False,Computer Science,10.0,0,1.9,0,3.7,100,True
STU0354,19,Male,High,3.53,0.45,6.4,52.2,Medium,"Textbooks, Online Resources, Tutoring, Study Group",2.2,False,Computer Science,4.1,0,8.0,0,5.7,96,True
STU0355,19,Non-binary,High,3.69,0.85,8.2,50.7,High,Minimal,4.7,False,Liberal Arts,6.0,0,7.8,21,7.8,100,True
STU0356,17,Male,High,2.3,0.57,6.1,85.2,Medium,"Textbooks, Online Resources, Tutoring, Study Group",2.6,True,Liberal Arts,6.7,0,4.9,35,4.8,100,True
STU0357,19,Non-binary,Middle,2.12,0.94,4.1,91.9,Low,Textbooks,3.8,True,Biology,7.9,0,0.6,37,2.1,90,True
STU0358,19,Male,High,3.03,0.66,8.5,76.7,High,Textbooks,8.6,False,Economics,9.5,0,4.8,0,12.7,100,True
STU0359,20,Female,High,2.31,0.81,4.7,76.8,Medium,Textbooks,5.4,True,Economics,7.0,0,1.9,15,16.1,96,True
STU0360,17,Male,Middle,3.14,0.43,8.0,88.7,Medium,Minimal,7.2,True,Data Science,4.2,0,3.7,0,4.5,100,True
STU0361,21,Non-binary,Middle,2.84,0.73,8.9,78.7,Low,"Textbooks, Online Resources, Tutoring",5.7,True,Business,8.7,0,1.1,27,6.5,100,True
STU0362,24,Male,Middle,1.64,0.85,6.2,75.1,High,"Textbooks, Online Resources",4.4,True,Mathematics,8.5,0,4.2,9,4.3,98,True
STU0363,19,Non-binary,High,3.78,0.66,9.4,51.1,High,"Textbooks, Online Resources, Tutoring",6.0,True,Psychology,3.1,0,4.4,6,5.8,100,True
STU0364,21,Non-binary,High,3.96,0.63,8.0,79.1,High,Textbooks,1.6,True,Mathematics,7.0,0,2.6,11,6.0,100,True
STU0365,22,Male,Middle,2.27,0.68,5.6,66.0,Low,"Textbooks, Tutoring",8.0,True,Biology,3.8,0,3.8,10,1.6,98,True
STU0366,18,Non-binary,Middle,2.43,0.63,9.8,94.8,High,"Online Resources, Study Group",3.0,True,Economics,5.7,2,3.7,21,4.0,100,True
STU0367,20,Male,Low,2.9,0.77,4.7,50.1,High,Online Resources,7.0,False,Engineering,5.2,0,1.2,0,10.3,98,True
STU0368,20,Female,Low,2.93,0.74,6.2,58.2,Medium,"Textbooks, Online Resources",4.3,True,Engineering,8.6,0,6.7,4,9.7,100,True
STU0369,20,Non-binary,Middle,3.16,0.28,6.6,61.4,Medium,"Textbooks, Online Resources, Tutoring, Study Group",2.2,False,Engineering,7.2,0,1.6,0,3.9,100,True
STU0370,17,Non-binary,Middle,4.0,0.83,8.2,50.3,Low,"Textbooks, Online Resources",3.4,False,Mathematics,4.4,0,0.3,0,6.1,100,True
STU0371,20,Non-binary,Low,2.58,0.74,9.2,86.3,High,"Textbooks, Study Group",7.0,True,Liberal Arts,8.8,0,6.5,0,4.2,100,True
STU0372,21,Non-binary,Middle,2.14,0.79,9.1,75.9,Medium,"Textbooks, Online Resources, Tutoring",15.5,True,Business,4.1,0,2.5,18,8.1,100,True
STU0373,24,Female,High,1.73,0.68,7.4,41.2,Low,Textbooks,5.0,True,Mathematics,7.7,1,4.2,21,1.1,84,True
STU0374,22,Female,High,2.19,0.86,6.4,72.4,High,"Textbooks, Online Resources",14.5,True,Data Science,5.4,1,2.4,21,7.4,89,True
STU0375,26,Male,High,2.68,0.43,3.3,50.1,Low,"Textbooks, Tutoring",1.6,True,Engineering,6.3,0,0.4,0,13.3,87,True
STU0376,17,Non-binary,Middle,3.96,0.93,4.4,84.4,High,Online Resources,4.5,True,Liberal Arts,8.0,0,1.7,7,2.9,100,True
STU0377,22,Non-binary,Middle,2.34,0.8,10.0,44.6,Medium,"Online Resources, Tutoring",5.0,False,Computer Science,8.0,0,2.4,5,12.1,95,True
STU0378,20,Female,Low,2.86,0.63,3.3,79.9,High,"Textbooks, Online Resources, Tutoring",7.2,False,Economics,9.7,0,4.4,9,6.3,100,True
STU0379,26,Male,Middle,2.69,0.65,5.4,65.0,High,"Textbooks, Online Resources, Tutoring, Study Group",3.5,False,Chemistry,6.8,0,2.6,17,4.8,93,True
STU0380,17,Female,Middle,3.53,0.77,9.3,61.8,High,Online Resources,6.4,True,Economics,7.6,0,1.7,29,3.9,100,True
STU0381,17,Female,Low,4.0,0.85,7.4,70.9,High,"Textbooks, Online Resources, Study Group",4.6,False,Data Science,6.1,0,1.8,0,12.4,100,True
STU0382,18,Male,Middle,2.33,0.7,8.9,92.1,Low,Textbooks,10.2,False,Business,7.4,1,4.1,0,4.2,97,True
STU0383,17,Non-binary,Low,2.36,0.92,8.1,46.4,High,"Textbooks, Tutoring",5.8,True,Data Science,7.9,1,4.6,12,14.6,95,True
STU0384,18,Non-binary,Middle,3.43,0.74,9.9,57.6,Low,"Textbooks, Online Resources",19.9,True,Business,6.8,1,0.8,0,13.5,100,True
STU0385,17,Female,Middle,3.18,0.73,7.6,82.1,High,"Textbooks, Tutoring",4.6,True,Data Science,3.4,0,2.5,0,3.5,100,True
STU0386,20,Female,Middle,3.99,0.44,8.3,77.4,High,"Textbooks, Online Resources, Study Group",9.8,False,Mathematics,7.7,1,4.5,0,4.4,100,True
STU0387,21,Female,Middle,3.11,0.92,5.6,39.4,Low,"Textbooks, Online Resources, Study Group",11.6,False,Liberal Arts,7.7,0,7.9,1,0.8,100,True
STU0388,25,Male,High,2.45,0.78,8.2,73.5,Medium,Textbooks,0.7,True,Chemistry,5.6,0,6.4,0,4.9,100,True
STU0389,22,Male,High,3.11,0.74,6.2,74.3,Medium,"Textbooks, Online Resources",7.9,False,Psychology,4.4,0,0.4,0,5.4,96,True
STU0390,18,Female,Middle,3.48,0.67,6.1,67.4,Low,"Textbooks, Online Resources",2.2,True,Psychology,10.0,0,2.3,0,11.0,100,True
STU0391,17,Non-binary,High,3.27,0.46,8.8,86.9,High,Minimal,4.5,False,Engineering,8.0,0,0.4,0,14.0,100,True
STU0392,21,Non-binary,Low,3.06,0.86,8.8,68.8,Medium,Textbooks,2.5,True,Mathematics,6.5,0,7.5,24,8.6,100,True
STU0393,17,Male,High,3.45,0.76,10.0,89.4,High,Online Resources,10.3,True,Data Science,4.7,0,2.8,20,10.4,100,True
STU0394,25,Male,Low,3.52,0.6,10.0,66.1,Low,Tutoring,3.6,False,Business,5.4,1,4.6,0,4.4,100,True
STU0395,23,Non-binary,Low,3.67,0.7,8.8,55.3,Low,"Textbooks, Study Group",1.5,True,Liberal Arts,9.6,0,0.9,19,1.7,100,True
STU0396,18,Male,Low,3.15,0.64,3.6,84.0,Medium,"Textbooks, Online Resources",5.9,True,Data Science,7.3,0,1.2,24,6.3,96,True
STU0397,17,Non-binary,High,2.58,0.77,10.0,78.0,Medium,"Textbooks, Online Resources",11.1,False,Mathematics,5.9,0,3.2,10,10.9,100,True
STU0398,24,Female,Middle,2.8,0.83,8.8,78.3,High,"Online Resources, Tutoring",2.5,True,Psychology,8.0,0,6.0,0,0.2,100,True
STU0399,19,Male,Middle,3.54,0.64,5.5,84.9,Medium,"Textbooks, Tutoring",8.5,True,Chemistry,5.4,0,0.2,10,5.6,100,True
STU0400,23,Female,High,2.13,0.71,8.5,70.4,Low,Online Resources,1.2,False,Chemistry,10.0,0,5.5,0,0.9,97,True
STU0401,17,Male,Low,2.96,0.92,4.9,89.0,Low,Textbooks,11.6,True,Psychology,9.7,0,2.8,36,2.7,94,True
STU0402,18,Male,High,2.42,0.65,8.2,60.7,Low,"Textbooks, Online Resources, Study Group",6.6,False,Liberal Arts,6.1,0,0.2,0,5.8,100,True
STU0403,20,Female,Middle,2.72,0.51,4.4,71.4,High,"Online Resources, Tutoring",2.3,False,Business,5.7,1,4.2,0,14.2,95,False
STU0404,20,Female,High,3.59,0.66,5.4,74.2,Medium,Textbooks,8.1,False,Liberal Arts,1.8,0,4.4,12,5.2,100,True
STU0405,18,Male,High,2.83,0.46,8.4,79.1,High,"Textbooks, Online Resources",3.7,True,Engineering,4.0,1,2.4,22,8.2,100,True
STU0406,21,Female,Middle,2.73,0.92,9.1,38.9,High,"Online Resources, Study Group",2.9,True,Liberal Arts,4.3,1,1.3,0,6.2,100,True
STU0407,17,Non-binary,Middle,1.75,0.54,7.7,96.1,Medium,Minimal,3.7,False,Liberal Arts,7.3,1,1.0,15,2.8,80,True
STU0408,19,Non-binary,Low,3.22,0.96,6.4,73.9,Low,Textbooks,7.6,True,Psychology,6.3,0,3.5,0,7.1,100,True
STU0409,20,Female,Low,3.15,0.46,2.8,68.9,Medium,"Textbooks, Online Resources",2.7,False,Psychology,4.3,0,0.5,0,1.7,85,True
STU0410,21,Non-binary,Middle,4.0,0.75,6.6,39.8,Medium,"Tutoring, Study Group",0.9,False,Biology,6.4,0,6.9,0,5.1,100,True
STU0411,22,Non-binary,Low,2.48,0.75,8.1,77.1,Medium,"Textbooks, Tutoring",3.8,True,Engineering,8.0,1,1.0,0,12.2,100,True
STU0412,17,Non-binary,Middle,2.85,0.8,6.4,31.9,High,Textbooks,10.5,True,Computer Science,8.1,0,5.1,0,5.9,100,True
STU0413,17,Male,High,2.87,0.79,7.0,58.8,Medium,Study Group,10.4,True,Psychology,3.2,0,4.3,9,6.2,100,True
STU0414,23,Non-binary,Low,3.8,0.7,6.6,59.9,Low,Textbooks,3.7,True,Mathematics,6.7,0,3.1,25,3.9,91,True
STU0415,20,Non-binary,Middle,2.63,0.67,6.4,61.4,Medium,"Textbooks, Online Resources",3.6,True,Mathematics,4.2,0,5.4,22,1.2,94,True
STU0416,17,Female,High,2.9,0.84,7.2,83.7,Low,"Textbooks, Online Resources",3.5,False,Biology,8.8,0,0.8,24,4.3,100,True
STU0417,24,Non-binary,High,3.13,0.81,6.5,74.5,Low,Textbooks,3.4,True,Business,8.6,0,5.1,0,9.3,100,True
STU0418,20,Male,Middle,2.83,0.69,9.9,62.2,Low,"Textbooks, Online Resources",3.5,True,Psychology,5.2,0,5.0,5,6.8,97,True
STU0419,23,Male,Middle,2.39,0.89,2.6,47.3,High,Minimal,6.0,True,Engineering,5.5,1,5.0,31,1.8,97,True
STU0420,20,Female,High,2.84,0.74,5.9,50.0,High,"Textbooks, Online Resources",10.7,True,Psychology,6.1,0,3.6,5,0.8,100,True
STU0421,26,Male,High,3.45,0.69,5.3,84.4,High,"Textbooks, Online Resources, Tutoring",2.7,False,Chemistry,2.5,1,0.8,17,2.8,100,True
STU0422,25,Male,Middle,1.98,0.87,7.4,79.5,Medium,Textbooks,3.1,True,Chemistry,7.7,0,1.6,14,4.3,99,True
STU0423,19,Non-binary,Middle,2.79,0.84,7.2,64.0,High,Online Resources,6.5,False,Chemistry,6.5,0,5.6,13,4.6,100,True
STU0424,22,Non-binary,High,2.21,0.69,10.0,96.9,Medium,"Textbooks, Tutoring",7.8,False,Psychology,8.9,0,1.7,28,4.6,100,True
STU0425,21,Male,High,3.54,0.54,10.0,77.6,Low,"Online Resources, Tutoring",1.8,False,Business,4.8,0,0.8,7,5.1,99,True
STU0426,24,Female,Middle,1.63,0.82,5.5,70.2,Medium,"Online Resources, Study Group",12.9,False,Chemistry,5.8,0,11.0,1,7.0,96,True
STU0427,17,Female,Middle,2.31,0.87,7.0,62.0,Low,Study Group,4.3,True,Economics,4.0,0,0.3,15,3.7,100,True
STU0428,22,Non-binary,High,2.96,0.87,7.4,86.2,Medium,"Online Resources, Study Group",1.9,True,Data Science,5.0,0,1.4,11,2.3,100,True
STU0429,23,Male,Middle,3.8,0.56,5.4,66.4,High,"Textbooks, Online Resources",1.7,True,Engineering,4.6,0,4.0,0,7.6,99,True
STU0430,17,Non-binary,Middle,2.65,0.76,8.3,82.2,Low,"Textbooks, Tutoring",1.7,True,Liberal Arts,9.0,1,11.7,0,9.5,100,True
STU0431,17,Female,Middle,2.31,0.37,6.5,78.5,Medium,Online Resources,9.7,False,Data Science,5.6,0,1.9,0,3.2,100,True
STU0432,17,Male,Middle,4.0,0.56,4.9,83.8,Medium,"Textbooks, Study Group",5.5,False,Business,7.2,0,1.7,48,17.9,100,True
STU0433,19,Non-binary,Low,1.69,0.86,6.4,50.7,High,"Textbooks, Online Resources",9.8,False,Engineering,6.2,1,2.2,0,13.7,98,True
STU0434,22,Non-binary,Low,1.16,0.94,5.0,63.3,High,Textbooks,4.9,False,Economics,4.5,0,0.8,0,1.9,95,True
STU0435,24,Female,High,3.01,0.84,9.1,56.4,High,"Textbooks, Study Group",9.6,True,Mathematics,6.7,1,0.5,21,0.9,100,True
STU0436,20,Non-binary,Low,2.35,0.74,10.0,40.3,Medium,"Textbooks, Online Resources, Tutoring",4.8,True,Business,8.2,1,5.1,10,4.5,90,True
STU0437,24,Female,Middle,1.99,0.61,7.5,85.3,High,"Textbooks, Tutoring",7.2,True,Data Science,4.6,0,2.5,0,6.3,100,True
STU0438,17,Female,Low,3.2,0.57,7.2,62.2,Medium,"Textbooks, Online Resources",5.1,True,Data Science,8.6,1,0.2,0,17.8,100,True
STU0439,17,Male,High,2.87,0.96,7.3,70.9,High,"Textbooks, Online Resources",4.6,True,Computer Science,5.3,0,0.7,4,17.4,100,True
STU0440,19,Male,High,2.31,0.86,9.4,69.3,Medium,"Textbooks, Tutoring",2.9,True,Economics,6.0,0,7.7,0,8.2,100,True
STU0441,21,Non-binary,High,1.8,0.58,9.3,86.4,Low,"Textbooks, Online Resources",7.7,False,Computer Science,8.1,1,6.3,4,3.8,89,True
STU0442,19,Female,Low,3.31,0.75,6.8,47.4,High,Tutoring,2.5,False,Liberal Arts,5.7,0,1.0,16,11.3,100,True
STU0443,17,Female,Low,3.16,0.5,7.5,55.3,Low,"Textbooks, Tutoring",7.7,False,Liberal Arts,7.1,0,3.5,0,5.6,100,True
STU0444,19,Male,Low,2.63,0.73,8.3,67.6,Medium,"Textbooks, Online Resources",5.6,False,Biology,6.4,0,0.4,29,1.5,100,True
STU0445,17,Male,High,3.99,0.83,4.7,81.6,Low,Online Resources,7.8,True,Liberal Arts,7.3,0,1.4,26,1.6,100,True
STU0446,22,Female,Middle,1.95,0.67,9.4,83.8,High,"Textbooks, Online Resources, Study Group",5.9,False,Mathematics,2.2,0,3.0,17,3.8,100,True
STU0447,21,Male,Middle,1.63,0.75,10.0,61.7,High,"Textbooks, Study Group",10.2,False,Computer Science,3.3,0,1.5,11,10.1,100,True
STU0448,17,Non-binary,High,2.22,0.54,9.3,98.2,Medium,Online Resources,6.8,True,Economics,8.2,0,2.1,17,2.1,100,True
STU0449,18,Female,High,2.67,0.92,4.5,60.2,High,Textbooks,5.7,True,Business,9.1,0,1.1,0,3.8,100,True
STU0450,17,Male,High,2.87,0.88,3.1,55.1,Low,"Textbooks, Study Group",0.8,False,Economics,5.2,0,0.4,9,13.6,95,True
STU0451,19,Non-binary,High,2.53,0.73,8.4,94.3,High,Online Resources,10.4,False,Economics,6.5,1,6.4,32,6.8,100,True
STU0452,22,Female,Middle,2.95,0.75,5.5,84.5,Low,"Textbooks, Tutoring",1.7,False,Chemistry,7.6,0,0.2,0,7.4,100,True
STU0453,17,Non-binary,Low,1.82,0.9,7.6,87.4,High,"Textbooks, Online Resources",2.1,False,Engineering,8.4,0,4.0,13,10.3,100,True
STU0454,21,Non-binary,Low,3.71,0.78,10.0,57.4,Medium,"Online Resources, Study Group",8.3,False,Psychology,2.9,0,1.9,14,3.8,100,True
STU0455,18,Female,Middle,2.64,0.7,5.7,92.5,High,"Textbooks, Online Resources",5.3,False,Biology,5.2,0,6.5,0,14.2,100,True
STU0456,17,Non-binary,Low,3.48,0.49,6.2,65.5,Medium,Online Resources,1.7,False,Mathematics,6.3,0,2.0,0,8.4,100,True
STU0457,19,Male,Middle,2.94,0.73,7.6,67.7,High,Textbooks,3.6,True,Liberal Arts,8.4,0,2.7,0,4.7,100,True
STU0458,17,Male,Low,3.02,0.9,4.4,71.1,Medium,"Textbooks, Online Resources",10.1,True,Business,10.0,0,2.1,13,12.5,96,True
STU0459,18,Male,Middle,3.1,0.42,5.5,48.4,Low,"Textbooks, Tutoring",5.8,True,Engineering,6.5,1,3.8,23,8.1,93,True
STU0460,17,Non-binary,Low,3.01,0.43,7.0,94.5,Low,"Textbooks, Online Resources, Study Group",5.4,True,Chemistry,4.2,0,0.8,4,5.1,100,True
STU0461,25,Male,High,3.15,0.65,6.4,82.1,Low,"Textbooks, Tutoring",3.3,True,Economics,7.8,0,1.4,7,7.6,100,True
STU0462,20,Non-binary,High,3.63,0.65,8.2,45.0,Low,"Textbooks, Tutoring",8.4,True,Economics,9.6,1,6.2,22,2.5,100,True
STU0463,17,Male,Low,2.84,0.9,10.0,55.6,Medium,"Textbooks, Study Group",4.9,False,Data Science,7.2,0,4.2,0,11.4,100,True
STU0464,20,Female,Middle,3.2,0.66,7.2,41.9,Medium,Minimal,7.6,False,Biology,5.2,0,3.1,0,17.6,100,True
STU0465,19,Non-binary,Low,2.64,0.77,5.3,63.8,Low,"Textbooks, Online Resources, Study Group",3.1,False,Psychology,8.9,0,2.7,25,1.1,92,True
STU0466,19,Non-binary,Low,3.71,0.79,9.8,84.4,Low,Textbooks,15.6,True,Economics,8.3,0,1.6,0,3.2,100,True
STU0467,21,Male,High,2.23,0.79,3.8,57.3,Low,"Textbooks, Online Resources, Study Group",11.2,False,Computer Science,4.9,0,1.9,0,3.0,95,True
STU0468,22,Female,Middle,3.96,0.85,4.2,73.2,High,Textbooks,5.8,False,Mathematics,7.8,0,3.0,0,8.8,100,True
STU0469,18,Male,High,2.67,0.79,5.8,48.2,Low,"Textbooks, Online Resources",6.5,True,Liberal Arts,9.0,0,4.4,0,6.0,93,True
STU0470,18,Male,Low,1.7,0.51,6.4,78.5,Medium,Textbooks,3.6,True,Engineering,9.4,0,3.0,0,3.6,95,True
STU0471,19,Female,High,2.79,0.67,5.8,38.0,Medium,"Online Resources, Study Group",7.9,False,Economics,6.9,1,4.3,9,4.1,94,True
STU0472,17,Female,Middle,2.22,0.9,6.9,83.7,Medium,Textbooks,0.9,False,Engineering,6.3,0,3.7,11,3.4,100,True
STU0473,17,Male,Low,3.29,0.86,7.5,95.6,High,Minimal,12.8,True,Chemistry,9.5,0,1.6,3,8.0,100,True
STU0474,24,Female,Low,2.24,0.74,9.1,82.7,High,"Textbooks, Online Resources, Tutoring, Study Group",7.6,False,Engineering,4.6,0,1.4,18,6.0,100,True
STU0475,24,Male,High,2.39,0.89,7.2,72.3,High,"Textbooks, Online Resources, Study Group",2.7,False,Engineering,7.9,0,0.5,0,3.9,100,True
STU0476,19,Non-binary,Middle,1.38,0.65,5.9,47.5,High,Textbooks,12.6,True,Liberal Arts,4.3,0,3.9,0,3.4,100,True
STU0477,21,Male,Middle,2.38,0.75,9.0,92.3,Medium,Textbooks,14.8,True,Liberal Arts,9.1,2,4.9,39,12.6,96,True
STU0478,20,Non-binary,Middle,1.0,0.66,5.4,95.1,High,"Textbooks, Online Resources, Study Group",6.7,False,Engineering,6.5,0,2.1,0,11.2,100,True
STU0479,29,Male,Middle,1.59,0.9,3.7,65.9,High,"Textbooks, Online Resources, Tutoring",3.1,False,Chemistry,9.5,0,0.6,22,8.1,97,True
STU0480,23,Female,Middle,3.23,0.67,9.4,47.2,High,Minimal,5.5,True,Psychology,8.0,0,0.6,0,10.4,100,True
STU0481,19,Non-binary,Low,3.25,0.8,9.3,74.8,Low,Minimal,7.3,True,Computer Science,4.6,0,0.9,0,1.5,100,True
STU0482,17,Female,Low,3.0,0.5,5.4,80.7,Medium,"Textbooks, Study Group",6.4,False,Mathematics,9.8,0,1.3,6,2.0,92,True
STU0483,17,Non-binary,Middle,2.02,0.88,6.2,78.8,High,Textbooks,2.7,True,Chemistry,10.0,1,1.5,0,1.8,100,True
STU0484,20,Non-binary,Middle,2.67,0.64,5.2,89.5,Low,Minimal,7.2,False,Mathematics,8.8,1,2.4,0,5.2,94,True
STU0485,17,Male,Low,2.7,0.72,7.7,50.1,Medium,Online Resources,10.1,True,Data Science,5.5,1,8.0,0,10.6,97,True
STU0486,17,Male,Low,1.89,0.83,10.0,64.6,High,"Textbooks, Tutoring",2.3,False,Business,6.4,0,3.6,0,3.7,100,True
STU0487,18,Male,Middle,3.75,0.92,8.4,94.5,Medium,"Textbooks, Online Resources",2.5,False,Psychology,7.3,0,5.8,26,11.6,100,True
STU0488,17,Male,Middle,3.31,0.75,9.1,58.3,Medium,"Textbooks, Online Resources, Tutoring",3.5,False,Mathematics,5.6,0,0.9,11,3.2,98,True
STU0489,25,Female,Low,2.55,0.66,8.6,60.5,Low,"Textbooks, Online Resources, Tutoring",4.7,True,Computer Science,10.0,0,1.2,28,4.6,97,True
STU0490,22,Male,High,2.72,0.79,7.0,50.8,High,Textbooks,8.6,True,Mathematics,7.3,1,2.5,0,3.6,100,True
STU0491,19,Male,High,2.85,0.87,9.2,84.3,Medium,"Textbooks, Online Resources, Tutoring",10.0,True,Economics,1.6,1,3.1,23,4.4,100,True
STU0492,24,Non-binary,High,1.27,0.85,8.5,65.6,Low,"Textbooks, Study Group",3.0,True,Psychology,7.7,0,1.4,0,4.7,95,True
STU0493,20,Female,Low,2.53,0.85,9.9,31.2,Medium,"Textbooks, Online Resources",6.0,False,Biology,6.3,0,2.3,0,0.9,100,True
STU0494,17,Female,Low,2.22,0.65,6.1,92.0,Medium,Textbooks,9.8,False,Chemistry,6.9,0,7.3,0,6.7,100,True
STU0495,24,Non-binary,Low,2.0,0.89,3.5,64.6,Low,"Textbooks, Online Resources, Tutoring",16.1,True,Chemistry,6.3,0,1.4,0,4.7,96,True
STU0496,21,Non-binary,High,2.5,0.85,9.1,75.1,Medium,Textbooks,6.0,True,Computer Science,8.6,1,1.6,0,14.2,100,True
STU0497,17,Male,Middle,3.96,0.82,7.7,74.2,Low,"Textbooks, Tutoring",6.2,False,Computer Science,9.2,0,0.7,0,7.8,100,True
STU0498,19,Female,Low,3.15,0.77,6.4,60.4,High,Minimal,6.7,False,Psychology,7.6,0,6.6,4,6.5,100,True
STU0499,17,Male,Low,2.3,0.81,6.5,91.4,Medium,"Textbooks, Online Resources",4.4,True,Data Science,6.3,0,0.2,0,13.6,100,True
STU0500,17,Non-binary,Low,3.1,0.81,10.0,90.1,High,"Textbooks, Online Resources",5.7,False,Economics,6.9,0,2.8,24,12.7,100,True
